{
    "norm_stats": {
      "action.arm.position": {
        "mean": [
          -0.31010666489601135,
          -1.436070442199707,
          1.061009168624878,
          -0.5447847247123718,
          -0.01204854715615511,
          -0.0492289699614048,
          0.15825854241847992,
          -1.395076870918274,
          0.9444501399993896,
          -0.491620272397995,
          -0.030471839010715485,
          0.11692237854003906
        ],
        "std": [
          0.30033132433891296,
          0.40339893102645874,
          0.3401167094707489,
          0.2604268193244934,
          0.1935429871082306,
          0.17682375013828278,
          0.19300194084644318,
          0.3513328731060028,
          0.3274924159049988,
          0.2934679090976715,
          0.1643076390028,
          0.11461832374334335
        ],
        "q01": [
          -1.0855282280921936,
          -2.145963861179352,
          0.08972122707366943,
          -1.0723119995117187,
          -0.46480409832000735,
          -0.4825209852218628,
          -0.13048908576965335,
          -1.991272191619873,
          0.046447194004058834,
          -1.0572892093658448,
          -0.5323645453453064,
          -0.18673277006149291
        ],
        "q99": [
          0.049972585487365606,
          -0.11586609792709357,
          1.9415480589866638,
          0.16331908149719232,
          0.4908738609313965,
          0.47828010005950916,
          0.8041477416992187,
          -0.15123516597747777,
          1.8617273912429808,
          0.3251357307434082,
          0.30786892681121825,
          0.5114560661315917
        ],
        "q02": [
          -1.0372530644416809,
          -2.091445731878281,
          0.24890404930114746,
          -0.9825147556304932,
          -0.4239317588806153,
          -0.3458308662414551,
          -0.09695504684448242,
          -1.9385448317527771,
          0.19103553466796874,
          -0.9805657947540283,
          -0.4514561705589294,
          -0.1343783749580384
        ],
        "q98": [
          0.006180115604400571,
          -0.25806286816597,
          1.8310848278045655,
          0.07299670753478993,
          0.41509929904937737,
          0.4215622083663939,
          0.7125101699829102,
          -0.3882618958473203,
          1.7839090816497802,
          0.2535583988189696,
          0.26822382316589355,
          0.41651488695144656
        ]
      },
      "action.effector.position": {
        "mean": [
          0.3375298082828522,
          0.4772677421569824
        ],
        "std": [
          0.40696045756340027,
          0.4324975311756134
        ],
        "q01": [
          0.009839999771118164,
          0.009839999771118164
        ],
        "q99": [
          0.9999899767398834,
          1.0247949761629105
        ],
        "q02": [
          0.009839999771118164,
          0.019884999537467956
        ],
        "q98": [
          0.9999899767398834,
          1.0247949761629105
        ]
      },
      "observation.state.arm.position": {
        "mean": [
          -0.3101065456867218,
          -1.436069130897522,
          1.0610092878341675,
          -0.5447845458984375,
          -0.012050695717334747,
          -0.04922949895262718,
          0.15825842320919037,
          -1.3950759172439575,
          0.9444490671157837,
          -0.491619735956192,
          -0.03047092817723751,
          0.11692547798156738
        ],
        "std": [
          0.3003308176994324,
          0.4033965766429901,
          0.34011340141296387,
          0.2604268193244934,
          0.19354291260242462,
          0.17682358622550964,
          0.19300222396850586,
          0.3513298034667969,
          0.32749441266059875,
          0.29346945881843567,
          0.1643078625202179,
          0.11461524665355682
        ],
        "q01": [
          -1.0855282280921936,
          -2.146525903749466,
          0.08999806365966798,
          -1.0723119995117187,
          -0.46480409832000735,
          -0.4825209852218628,
          -0.13048908576965335,
          -1.991272191619873,
          0.046447194004058834,
          -1.0572892093658448,
          -0.5323645453453064,
          -0.18673277006149291
        ],
        "q99": [
          0.049972585487365606,
          -0.11586609792709357,
          1.9416041278839111,
          0.16331908149719232,
          0.4908738609313965,
          0.47828010005950916,
          0.8041477416992187,
          -0.15123516597747777,
          1.8617273912429808,
          0.3251357307434082,
          0.30786892681121825,
          0.5114560661315917
        ],
        "q02": [
          -1.0372530644416809,
          -2.091445731878281,
          0.248679594039917,
          -0.9825147556304932,
          -0.4239317588806153,
          -0.3458308662414551,
          -0.09695504684448242,
          -1.9385448317527771,
          0.19103553466796874,
          -0.9805657947540283,
          -0.4514561705589294,
          -0.1343783749580384
        ],
        "q98": [
          0.006180115604400571,
          -0.25806286816597,
          1.8311540657043457,
          0.07299670753478993,
          0.41509929904937737,
          0.4215622083663939,
          0.7125101699829102,
          -0.3882618958473203,
          1.7839090816497802,
          0.2535583988189696,
          0.26822382316589355,
          0.41651488695144656
        ]
      },
      "observation.state.effector.position": {
        "mean": [
          0.33792710304260254,
          0.47766533493995667
        ],
        "std": [
          0.4071151614189148,
          0.4325142204761505
        ],
        "q01": [
          0.009839999771118164,
          0.009839999771118164
        ],
        "q99": [
          0.9999899767398834,
          1.0247949761629105
        ],
        "q02": [
          0.009839999771118164,
          0.019884999537467956
        ],
        "q98": [
          0.9999899767398834,
          1.0247949761629105
        ]
      }
    },
    "count": 2288128
  }
  