{
  "norm_stats": {
    "action.arm.position": {
      "mean": [
        -0.1775321364402771,
        0.9471595883369446,
        0.6902430057525635,
        -0.46914398670196533,
        0.07748211175203323,
        0.06793897598981857,
        0.19351118803024292,
        0.9841461181640625,
        0.7218486070632935,
        -0.49264875054359436,
        -0.06681890785694122,
        -0.01802675426006317
      ],
      "std": [
        0.32151034474372864,
        0.8935171365737915,
        0.7097076177597046,
        0.5107845067977905,
        0.24830825626850128,
        0.6045051217079163,
        0.3292846977710724,
        0.895771861076355,
        0.717779278755188,
        0.5149269104003906,
        0.24087540805339813,
        0.6183362007141113
      ],
      "q01": [
        -0.8520641326904297,
        -0.00016542311641387641,
        -0.00012735316704493016,
        -1.4301092624664307,
        -0.5140120387077332,
        -0.864046573638916,
        -0.5425163507461548,
        -0.00015335356874857098,
        -0.00011964533769059926,
        -1.4372326135635376,
        -0.7074873447418213,
        -1.7219345569610596
      ],
      "q99": [
        0.5315344333648682,
        2.3610293865203857,
        2.1244890689849854,
        0.08840453624725342,
        0.708349883556366,
        1.9455817937850952,
        0.8575895428657532,
        2.399571180343628,
        2.1946403980255127,
        0.0848398208618164,
        0.5355270504951477,
        1.3247475624084473
      ],
      "q02": [
        -0.8456826210021973,
        -0.00016542311641387641,
        -0.00012735316704493016,
        -1.3397412300109863,
        -0.49116164445877075,
        -0.8491677045822144,
        -0.41163599491119385,
        -0.00015335356874857098,
        -0.00011964533769059926,
        -1.3543736934661865,
        -0.7058514356613159,
        -1.5330252647399902
      ],
      "q98": [
        0.4174642562866211,
        2.284353017807007,
        2.0181756019592285,
        0.030222296714782715,
        0.7072744965553284,
        1.5992344617843628,
        0.8521035313606262,
        2.3005573749542236,
        2.102487325668335,
        0.025654911994934082,
        0.4959927201271057,
        1.1050469875335693
      ]
    },
    "action.effector.position": {
      "mean": [
        0.847525954246521,
        0.8426882028579712
      ],
      "std": [
        0.2609751224517822,
        0.26897183060646057
      ],
      "q01": [
        0.11395510286092758,
        0.0932520180940628
      ],
      "q99": [
        0.9998165965080261,
        0.9998038411140442
      ],
      "q02": [
        0.21904799342155457,
        0.11698990315198898
      ],
      "q98": [
        0.9998165965080261,
        0.9998038411140442
      ]
    },
    "observation.state.arm.position": {
      "mean": [
        -0.17752452194690704,
        0.947145938873291,
        0.6902334094047546,
        -0.46913790702819824,
        0.07748696208000183,
        0.06794429570436478,
        0.1935107409954071,
        0.9841434955596924,
        0.7218467593193054,
        -0.49264711141586304,
        -0.06681882590055466,
        -0.018026841804385185
      ],
      "std": [
        0.3215062916278839,
        0.8935224413871765,
        0.709711492061615,
        0.5107876658439636,
        0.2483016699552536,
        0.6045019030570984,
        0.32928502559661865,
        0.8957746624946594,
        0.7177804708480835,
        0.5149285197257996,
        0.24087540805339813,
        0.6183361411094666
      ],
      "q01": [
        -0.8520641326904297,
        -0.00016542311641387641,
        -0.00012735316704493016,
        -1.4301092624664307,
        -0.5140120387077332,
        -0.864046573638916,
        -0.5425163507461548,
        -0.00015335356874857098,
        -0.00011964533769059926,
        -1.4372326135635376,
        -0.7074873447418213,
        -1.7219345569610596
      ],
      "q99": [
        0.5315344333648682,
        2.347978115081787,
        2.1035568714141846,
        0.08840453624725342,
        0.708349883556366,
        1.9455817937850952,
        0.8575895428657532,
        2.399571180343628,
        2.1946403980255127,
        0.0848398208618164,
        0.5355270504951477,
        1.3247475624084473
      ],
      "q02": [
        -0.8460814356803894,
        -0.00016542311641387641,
        -0.00012735316704493016,
        -1.3397412300109863,
        -0.49116164445877075,
        -0.8491677045822144,
        -0.41163599491119385,
        -0.00015335356874857098,
        -0.00011964533769059926,
        -1.3543736934661865,
        -0.7058514356613159,
        -1.5330252647399902
      ],
      "q98": [
        0.4174642562866211,
        2.2729332447052,
        2.007709503173828,
        0.030222296714782715,
        0.7072744965553284,
        1.5992344617843628,
        0.8521035313606262,
        2.3005573749542236,
        2.102487325668335,
        0.025654911994934082,
        0.4959927201271057,
        1.1050469875335693
      ]
    },
    "observation.state.effector.position": {
      "mean": [
        0.8475257754325867,
        0.8426883816719055
      ],
      "std": [
        0.26097559928894043,
        0.2689712941646576
      ],
      "q01": [
        0.11395510286092758,
        0.0932520180940628
      ],
      "q99": [
        0.9998165965080261,
        0.9998038411140442
      ],
      "q02": [
        0.21904799342155457,
        0.11698990315198898
      ],
      "q98": [
        0.9998165965080261,
        0.9998038411140442
      ]
    }
  },
  "count": 99840
}
