{
  "norm_stats": {
    "action.arm.position": {
      "mean": [
        -0.22649447619915009,
        1.0910465717315674,
        0.8046976923942566,
        -0.3529793620109558,
        0.056382808834314346,
        -0.04518803581595421,
        0.23444592952728271,
        1.1117788553237915,
        0.8302268385887146,
        -0.3584558367729187,
        -0.010058438405394554,
        0.010835078544914722
      ],
      "std": [
        0.36951732635498047,
        0.9946224689483643,
        0.7907869219779968,
        0.663685142993927,
        0.24930860102176666,
        0.5646992921829224,
        0.32377511262893677,
        1.0205038785934448,
        0.8121177554130554,
        0.7205489277839661,
        0.25676125288009644,
        0.6210611462593079
      ],
      "q01": [
        -0.9676963651657111,
        -0.0003164021181873977,
        -0.0008187678098678652,
        -1.5952941972732544,
        -0.4444093635320664,
        -2.2108209049224854,
        -0.13648582720756508,
        -0.0025135905981064077,
        -0.0016476722434163094,
        -1.7023667912483216,
        -1.0292453282356262,
        -1.6702169750213622
      ],
      "q99": [
        0.17045696868896432,
        2.5792064671580563,
        2.4791862522006034,
        1.263499072647095,
        1.2283580561399456,
        1.4622943069458012,
        1.096450059175491,
        2.605947977209091,
        2.5039097490906714,
        1.3104696589708325,
        1.074876550579071,
        2.104229341125489
      ],
      "q02": [
        -0.9234203773498537,
        -0.0003164021181873977,
        -0.0008187678098678652,
        -1.509812859249115,
        -0.32799621334075924,
        -1.656348336791992,
        -0.05942733430862468,
        -0.0025135905981064077,
        -0.0016476722434163094,
        -1.6187864029407502,
        -0.8712951603889465,
        -1.5470734649658198
      ],
      "q98": [
        0.11836757125854458,
        2.4944407171577216,
        2.3239549394726753,
        1.0776700769424439,
        1.0128444806575776,
        1.2158620544433596,
        0.945415413093567,
        2.5296102081775667,
        2.3580759009346366,
        1.2048114322423933,
        0.6983346325874327,
        1.7523907409667974
      ]
    },
    "action.effector.position": {
      "mean": [
        0.6722026467323303,
        0.6737783551216125
      ],
      "std": [
        0.45274168252944946,
        0.45141810178756714
      ],
      "q01": [
        -1e-10,
        -1e-10
      ],
      "q99": [
        0.99980000009996,
        0.99980000009996
      ],
      "q02": [
        -1e-10,
        -1e-10
      ],
      "q98": [
        0.99980000009996,
        0.99980000009996
      ]
    },
    "observation.state.arm.position": {
      "mean": [
        -0.22545991837978363,
        1.0864390134811401,
        0.8012449741363525,
        -0.3515830338001251,
        0.05604754388332367,
        -0.0445503294467926,
        0.23296862840652466,
        1.1059207916259766,
        0.8258985280990601,
        -0.3568105697631836,
        -0.00992637686431408,
        0.010328034870326519
      ],
      "std": [
        0.3688313364982605,
        0.9950565099716187,
        0.7906551957130432,
        0.6622100472450256,
        0.24865445494651794,
        0.5626452565193176,
        0.32314980030059814,
        1.0208053588867188,
        0.8119285702705383,
        0.718558132648468,
        0.25572913885116577,
        0.6181830763816833
      ],
      "q01": [
        -0.9676963651657111,
        -0.0003164021181873977,
        -0.0008187678098678652,
        -1.5938075653076171,
        -0.44261839199066166,
        -2.198074409103393,
        -0.13494465734958627,
        -0.0025135905981064077,
        -0.0016476722434163094,
        -1.7015782970190048,
        -1.0292453282356262,
        -1.6682623161315915
      ],
      "q99": [
        0.17045696868896432,
        2.5792064671580563,
        2.4782622562915084,
        1.2545792808532719,
        1.2247761130571364,
        1.458045475006104,
        1.0856618701696394,
        2.6036578441381453,
        2.502444082275033,
        1.3057386935949324,
        1.0699406078338622,
        2.0983653644561766
      ],
      "q02": [
        -0.9234203773498537,
        -0.0003164021181873977,
        -0.0008187678098678652,
        -1.5083262272834776,
        -0.32799621334075924,
        -1.6499750888824458,
        -0.05942733430862468,
        -0.0025135905981064077,
        -0.0016476722434163094,
        -1.6172094144821167,
        -0.8684746216773986,
        -1.5470734649658198
      ],
      "q98": [
        0.11836757125854458,
        2.4944407171577216,
        2.320258955836296,
        1.0754401289939883,
        1.0116504996299742,
        1.2137376384735115,
        0.945415413093567,
        2.528846830487251,
        2.3551445673033595,
        1.2016574553251265,
        0.6969243632316591,
        1.746526764297485
      ]
    },
    "observation.state.effector.position": {
      "mean": [
        0.6734354496002197,
        0.6749846339225769
      ],
      "std": [
        0.4522727429866791,
        0.45095184445381165
      ],
      "q01": [
        -1e-10,
        -1e-10
      ],
      "q99": [
        0.99980000009996,
        0.99980000009996
      ],
      "q02": [
        -1e-10,
        -1e-10
      ],
      "q98": [
        0.99980000009996,
        0.99980000009996
      ]
    }
  },
  "count": 532992
}