{
  "norm_stats": {
    "action": {
      "mean": [
        -0.32207754254341125,
        1.406205654144287,
        1.1087545156478882,
        -0.6245313882827759,
        -0.027720848098397255,
        -0.035565875470638275,
        0.4717631936073303,
        0.25276312232017517,
        0.8104884624481201,
        0.5522242188453674,
        -0.1358797252178192,
        0.13210205733776093,
        -0.13196010887622833,
        0.7805091738700867
      ],
      "std": [
        0.2855374813079834,
        0.9229381084442139,
        0.8118345737457275,
        0.49564430117607117,
        0.16244904696941376,
        0.5517618656158447,
        0.4883338212966919,
        0.40702372789382935,
        1.036325216293335,
        0.7480976581573486,
        0.7034134268760681,
        0.3450477123260498,
        0.7341580390930176,
        0.4033139646053314
      ],
      "q01": [
        -0.8213654638230801,
        -5.257390398583084e-7,
        -0.00002296771708643064,
        -1.6557389229632915,
        -0.6564541918039322,
        -1.1997157670021057,
        0.0,
        -0.0013322193384173175,
        0.0,
        -0.0000281171942333458,
        -1.4858032744407654,
        -0.013652276556193832,
        -1.5582030366897581,
        0.0
      ],
      "q99": [
        0.01988644998967637,
        2.618066892673189,
        2.8887816588023267,
        -0.00009503023102874764,
        0.39941834962368006,
        1.3274614672660827,
        0.9998,
        1.2499000839233396,
        2.403721238327026,
        2.223998639903084,
        1.3482957191944123,
        1.2036741195514797,
        2.3008846492767336,
        0.9998
      ],
      "q02": [
        -0.8116190195694566,
        -5.257390398583084e-7,
        -0.00002296771708643064,
        -1.5653808554142714,
        -0.5909986785650253,
        -0.9318809885978698,
        0.0,
        -0.0013322193384173175,
        0.0,
        -0.0000281171942333458,
        -1.400590261220932,
        -0.005905654035508634,
        -1.5582030366897581,
        0.0
      ],
      "q98": [
        0.01988644998967637,
        2.509362170317786,
        2.6153081541584893,
        -0.00009503023102874764,
        0.34549802929162987,
        1.2313367155075077,
        0.9998,
        1.2416952819347378,
        2.374588215923309,
        2.1395174845976728,
        1.328065291595459,
        1.1956508319407702,
        2.172924092388153,
        0.9998
      ]
    },
    "observation.state": {
      "mean": [
        -0.320831835269928,
        1.401549220085144,
        1.1045918464660645,
        -0.6217827796936035,
        -0.0279570072889328,
        -0.03499468415975571,
        0.4726906716823578,
        0.2512069344520569,
        0.8065828680992126,
        0.5495453476905823,
        -0.13533149659633636,
        0.13129419088363647,
        -0.1315813809633255,
        0.7816013693809509
      ],
      "std": [
        0.28554511070251465,
        0.924691379070282,
        0.8124904036521912,
        0.49545007944107056,
        0.16213101148605347,
        0.5504377484321594,
        0.4883865714073181,
        0.40611740946769714,
        1.035233497619629,
        0.7470027208328247,
        0.7013660073280334,
        0.3439686894416809,
        0.7313857674598694,
        0.4025507867336273
      ],
      "q01": [
        -0.8213654638230801,
        -5.257390398583084e-7,
        -0.00002296771708643064,
        -1.6557389229632915,
        -0.6564541918039322,
        -1.1997157670021057,
        0.0,
        -0.0013322193384173175,
        0.0,
        -0.0000281171942333458,
        -1.483351101398468,
        -0.013652276556193832,
        -1.5582030366897581,
        0.0
      ],
      "q99": [
        0.01988644998967637,
        2.6186390227908487,
        2.889423615385998,
        -0.00009503023102874764,
        0.39780878782272344,
        1.3274614672660827,
        0.9998,
        1.2499000839233396,
        2.404215018367767,
        2.2201366442319794,
        1.347682675933838,
        1.2036741195514797,
        2.3008846492767336,
        0.9998
      ],
      "q02": [
        -0.8116190195694566,
        -5.257390398583084e-7,
        -0.00002296771708643064,
        -1.5653808554142714,
        -0.5909986785650253,
        -0.9318809885978698,
        0.0,
        -0.0013322193384173175,
        0.0,
        -0.0000281171942333458,
        -1.3981380881786347,
        -0.005905654035508634,
        -1.5582030366897581,
        0.0
      ],
      "q98": [
        0.01988644998967637,
        2.509362170317786,
        2.61595011074216,
        -0.00009503023102874764,
        0.3452297689914703,
        1.2313367155075077,
        0.9998,
        1.2416952819347378,
        2.374588215923309,
        2.1380692362210083,
        1.328065291595459,
        1.1956508319407702,
        2.1450514958381657,
        0.9998
      ]
    }
  },
  "count": 74240
}