{
    "robotwin2": {
        "min": [
            -1.4206113815307617,
            -0.005189999938011169,
            -0.18577136099338531,
            -1.956291913986206,
            -1.6801013946533203,
            -3.965158462524414,
            0.0,
            -2.9455959796905518,
            -0.6294453740119934,
            -0.07775841653347015,
            -2.0402400493621826,
            -2.1285502910614014,
            -3.9987125396728516,
            0.0
        ],
        "max": [
            0.5171146392822266,
            3.4578874111175537,
            3.6927058696746826,
            1.7942548990249634,
            1.8604620695114136,
            3.989658832550049,
            1.0,
            1.4472923278808594,
            3.640752077102661,
            3.989215135574341,
            1.95806884765625,
            1.5265172719955444,
            3.9609365463256836,
            1.0
        ],
        "file_count": 26649,
        "total_files_scanned": 26649,
        "action_dim": 14,
        "processing_time_seconds": 6.7937140464782715,
        "num_processes_used": 16
    }
}