{
  "raw_action_dim": 30,
  "target_action_dim": 30,
  "used_action_channel_ids": [
    0,
    1,
    2,
    3,
    4,
    5,
    6,
    7,
    8,
    9,
    10,
    11,
    12,
    13,
    14,
    15,
    16,
    17,
    18,
    19,
    20,
    21,
    22,
    23,
    24,
    25,
    26,
    27,
    28,
    29
  ],
  "inverse_used_action_channel_ids": [
    0,
    1,
    2,
    3,
    4,
    5,
    6,
    7,
    8,
    9,
    10,
    11,
    12,
    13,
    14,
    15,
    16,
    17,
    18,
    19,
    20,
    21,
    22,
    23,
    24,
    25,
    26,
    27,
    28,
    29
  ],
  "q01": [
    0.0,
    0.0,
    0.0,
    0.0,
    0.0,
    0.0,
    0.0,
    0.0,
    0.0,
    0.0,
    0.0,
    0.0,
    0.0,
    0.0,
    -1.051365569829941,
    -3.5348887174584814e-14,
    1.741881830823392e-16,
    -1.5984010362625123,
    -0.6003574305772781,
    -1.6678147149085998,
    0.0,
    -0.4509398394823074,
    -2.5859282299029243e-14,
    1.234041714549172e-16,
    -1.64055180311203,
    -1.2633746123313903,
    -1.7645285475254058,
    0.0,
    0.0,
    0.0
  ],
  "q99": [
    0.0,
    0.0,
    0.0,
    0.0,
    0.0,
    0.0,
    0.0,
    0.0,
    0.0,
    0.0,
    0.0,
    0.0,
    0.0,
    0.0,
    0.5431358617544174,
    2.495765209197998,
    2.492974226474762,
    1.3241519677639007,
    1.2496635341644287,
    1.7392305016517635,
    1.0,
    1.0814965963363647,
    2.4167031812667843,
    2.3470158338546754,
    1.141731116771698,
    0.5208872479200363,
    1.489715996980667,
    1.0,
    1.0,
    1.0
  ],
  "num_samples": 1859602
}
