{
    "robotwin_agilex": {
        "min": [
            -1.4206442832946777,
            -0.005189999938011169,
            -0.07442237436771393,
            -1.9559623003005981,
            -1.4323033094406128,
            -3.9651968479156494,
            0.0,
            -2.8041372299194336,
            -0.6262738704681396,
            -0.07252761721611023,
            -2.0402474403381348,
            -2.0963637828826904,
            -3.9985270500183105,
            0.0
        ],
        "max": [
            0.517427384853363,
            3.4578940868377686,
            3.662480115890503,
            1.791752576828003,
            1.8577409982681274,
            3.9946401119232178,
            1.0,
            1.415151596069336,
            3.6879899501800537,
            3.7289350032806396,
            1.9578909873962402,
            1.5265172719955444,
            3.9663710594177246,
            1.0
        ],
        "file_count": 24650,
        "total_files_scanned": 24650,
        "action_dim": 14,
        "processing_time_seconds": 1.7812120914459229,
        "num_processes_used": 64
    }
}