{
    "xpolicylab": {
        "q01": [
            -1.051365613937378,
            -3.5348887174584814e-14,
            1.741881830823392e-16,
            -1.5984010696411133,
            -0.6003574132919312,
            -1.6678147315979004,
            0.0,
            -0.4509398341178894,
            -2.5859282299029243e-14,
            1.2340417714591981e-16,
            -1.6405518054962158,
            -1.2633745670318604,
            -1.764528512954712,
            0.0
        ],
        "q99": [
            0.5431358814239502,
            2.495765209197998,
            2.492974281311035,
            1.3241519927978516,
            1.2496635913848877,
            1.7392305135726929,
            1.0,
            1.0814965963363647,
            2.416703224182129,
            2.347015857696533,
            1.1417311429977417,
            0.5208872556686401,
            1.4897160530090332,
            1.0
        ],
        "min": [
            -1.4863648414611816,
            -0.2586335241794586,
            -0.06850092858076096,
            -2.2642147541046143,
            -1.4876768589019775,
            -3.0168392658233643,
            -3.212450869184004e-17,
            -1.4924354553222656,
            -0.27809593081474304,
            -0.18774886429309845,
            -2.5354628562927246,
            -3.0663280487060547,
            -3.0486762523651123,
            -3.212450869184004e-17
        ],
        "max": [
            1.7537026405334473,
            3.0546703338623047,
            3.8525187969207764,
            2.0974574089050293,
            1.8103265762329102,
            3.1366536617279053,
            1.0,
            1.6732014417648315,
            3.3797459602355957,
            4.252756595611572,
            2.5287232398986816,
            3.1440579891204834,
            3.0381109714508057,
            1.0
        ],
        "action_dim": 14,
        "frame_count": 1859602,
        "file_count": 3500,
        "total_files_scanned": 3500,
        "task_file_counts": {
            "arrange_largest_number": 100,
            "build_tower": 100,
            "classify_objects": 100,
            "cover_blocks": 100,
            "deposit_coin": 100,
            "dlc": 100,
            "fasten_screws": 100,
            "fill_egg_holder": 100,
            "fill_pen_holder": 100,
            "fold_clothes": 100,
            "hang_mugs": 100,
            "imitate_sorting_sequence": 100,
            "insert_key": 100,
            "insert_tubes": 100,
            "make_kong": 100,
            "make_toast": 100,
            "match_and_pick_from_conveyor": 100,
            "organize_table": 100,
            "pack_objects_into_box": 100,
            "play_Xylophone": 100,
            "play_stacking_toy": 100,
            "play_tic_tac_toe": 100,
            "plug_in_charger": 100,
            "pour_balls_into_vase": 100,
            "pour_liquid_into_cup": 100,
            "press_by_number": 100,
            "push_T": 100,
            "put_bottles_into_dustbin": 100,
            "sort_nesting_dolls_by_size": 100,
            "stack_blocks": 100,
            "stack_bowls": 100,
            "store_laptop_and_headphones": 100,
            "swap_T": 100,
            "swap_blocks": 100,
            "sweep_blocks": 100
        },
        "skipped_tasks": [],
        "env_cfg_type": "arx_x5",
        "action_type": "joint",
        "normalization": "clip_to_q01_q99_then_map_to_minus1_1",
        "processing_time_seconds": 49.77439999580383
    }
}