{
  "norm_stats": {
    "state": {
      "mean": [
        -0.20077951889508397,
        0.9290969134147529,
        0.6902627602112491,
        -0.3411663808350178,
        0.06632401906252387,
        0.006133031318184875,
        0.7711170617966635,
        -0.234346026254078,
        -0.25646836302237624,
        0.9574924588925096,
        -0.3392281855562062,
        0.461240162734702,
        1.2035370730180754,
        0.0,
        0.17267423976401,
        0.8228249275336069,
        0.6196130714707867,
        -0.3597350190613422,
        -0.06358629861245962,
        0.002565542991151603,
        0.7853900095482583,
        0.24654651867645724,
        -0.26790123027456303,
        0.9548014346593948,
        -0.4128409262337318,
        0.3561848033001065,
        1.4763295894991664,
        0.0,
        0.0,
        0.0,
        0.0,
        0.0
      ],
      "std": [
        0.3428207239964025,
        0.8877552382899164,
        0.7301731115785084,
        0.6499096460292879,
        0.3003984728830637,
        0.5848664064451831,
        0.3430701861131943,
        0.10767518086721535,
        0.10390460546486062,
        0.05379010080891537,
        0.574534767755276,
        0.5725534817571964,
        0.5298618453695542,
        0.0,
        0.32012597461883324,
        0.8731642742080631,
        0.712967597434797,
        0.6024249282657783,
        0.2854245837653961,
        0.5360297126647398,
        0.34097726015662655,
        0.09785388704778057,
        0.10174016534390239,
        0.05301415435161446,
        0.6706398281493049,
        0.5593318919968295,
        0.8095110493381455,
        0.0,
        0.0,
        0.0,
        0.0,
        0.0
      ],
      "q01": [
        -1.0491730321884156,
        -0.002490519452094997,
        -0.0014428708255291023,
        -1.600215182209015,
        -0.6081667197227477,
        -1.660315238571167,
        -3.212450869184004e-17,
        -0.4364271193742752,
        -0.35288680616468193,
        0.8823235653877258,
        -1.9024917322158812,
        -0.3161679917812348,
        -0.16050062198638937,
        0.0,
        -0.45032036423683164,
        -0.003040958309173558,
        -0.0033507624804973712,
        -1.6371839201927187,
        -1.271526483774185,
        -1.7519319816589356,
        -3.212450869184004e-17,
        -0.03795033836364747,
        -0.35287964743375777,
        0.8825162654757499,
        -2.0424026255607606,
        -0.5704431364536284,
        -2.9028316926956177,
        0.0,
        0.0,
        0.0,
        0.0,
        0.0
      ],
      "q99": [
        0.5429205814361571,
        2.495563939023018,
        2.4995127253979446,
        1.3232626530170442,
        1.24865906457901,
        1.7392912236213682,
        0.9998,
        0.03598927259445184,
        -0.016091224047541597,
        1.1401401332974435,
        1.1526136394023898,
        1.6479415992736817,
        1.9260200031280519,
        0.0,
        1.0821440370082853,
        2.419783693122864,
        2.346020753210783,
        1.1363533198833462,
        0.5207909267425537,
        1.4792948200225826,
        0.9998,
        0.41548390105366706,
        -0.015149717426300058,
        1.1341140441060067,
        1.3050915567874903,
        1.7474568560123442,
        2.956867087841034,
        0.0,
        0.0,
        0.0,
        0.0,
        0.0
      ],
      "min": [
        -1.4810993671417236,
        -0.2586335241794586,
        -0.0652705579996109,
        -2.2568438053131104,
        -1.4498668909072876,
        -3.0167176723480225,
        -3.212450869184004e-17,
        -0.5559541583061218,
        -0.41776618361473083,
        0.7951624989509583,
        -2.8125712871551514,
        -1.911899447441101,
        -2.469303846359253,
        0.0,
        -1.4774243831634521,
        -0.27809593081474304,
        -0.16409723460674286,
        -2.534355878829956,
        -3.0663280487060547,
        -3.0463619232177734,
        -3.212450869184004e-17,
        -0.15331169962882996,
        -0.43055540323257446,
        0.7945945858955383,
        -2.6510379314422607,
        -2.548596143722534,
        -3.1415927410125732,
        0.0,
        0.0,
        0.0,
        0.0,
        0.0
      ],
      "max": [
        1.5059430599212646,
        3.0421783924102783,
        3.8266615867614746,
        2.0974574089050293,
        1.8100098371505737,
        3.1264092922210693,
        1.0,
        0.15551631152629852,
        0.11666031926870346,
        1.3189669847488403,
        2.8471274375915527,
        2.3915834426879883,
        2.773210287094116,
        0.0,
        1.6732014417648315,
        3.379549980163574,
        4.252014636993408,
        2.528691291809082,
        3.1440579891204834,
        3.0137033462524414,
        1.0,
        0.5749797224998474,
        0.10147032141685486,
        1.3236058950424194,
        2.5068883895874023,
        2.743412971496582,
        3.1415927410125732,
        0.0,
        0.0,
        0.0,
        0.0,
        0.0
      ]
    },
    "action": {
      "mean": [
        0.0030549553862235486,
        -0.024243779174718896,
        -0.017027856972666393,
        0.01268812976956687,
        -0.00022386019874938394,
        -0.0032791955239962153,
        0.772572292444245,
        -0.0006731549468057253,
        -0.0022098077539272607,
        -0.0011784097208332022,
        0.011611385599861548,
        -0.016793123403646918,
        0.00876559999663592,
        0.0,
        -0.0015059569564680156,
        -0.004578583844351339,
        -0.002461146497968086,
        0.0008639824096150084,
        -0.00037182201794596715,
        -0.002162073652376227,
        0.7841948903065407,
        0.0004395606634004205,
        -0.00026455108484470366,
        -0.00033663170392818993,
        0.004038685619375349,
        -0.003913848098371675,
        -0.0009492826840662417,
        0.0,
        0.0,
        0.0,
        0.0,
        0.0
      ],
      "std": [
        0.3084255671640791,
        0.6071464543279942,
        0.5114171573340264,
        0.43671177403283035,
        0.21106533232787322,
        0.45133242500465964,
        0.3429821265413443,
        0.09694395251712752,
        0.07326744235919459,
        0.04767286368352692,
        0.4295205830849126,
        0.3923235695658916,
        0.42108644997658473,
        0.0,
        0.27632843592333883,
        0.5900354137503797,
        0.5032307895213205,
        0.4288552782561747,
        0.20001791895138638,
        0.43195053213621226,
        0.3419396057914902,
        0.08772896043240491,
        0.07253252996545906,
        0.04656581200411475,
        0.5831006340550269,
        0.4165410360853614,
        0.8444641777828107,
        0.0,
        0.0,
        0.0,
        0.0,
        0.0
      ],
      "q01": [
        -0.9814042086601258,
        -2.0606444806110114,
        -1.810129046636459,
        -1.319895754671097,
        -0.7574133516430854,
        -1.5652922307252881,
        -3.212450869184004e-17,
        -0.3115634184539318,
        -0.24919742255210878,
        -0.14683563226461407,
        -1.3860536255836484,
        -1.3744868471622467,
        -1.409327034282684,
        0.0,
        -0.8959439824104309,
        -2.028012617426924,
        -1.7420823690719902,
        -1.3238023173332216,
        -0.8467328540806487,
        -1.6186835315704347,
        -3.212450869184004e-17,
        -0.2977865398854017,
        -0.24164921386241914,
        -0.14402453799247744,
        -1.7918526893615723,
        -1.3105654495716093,
        -4.302725493240356,
        0.0,
        0.0,
        0.0,
        0.0,
        0.0
      ],