{
    "norm_stats": {
      "state": {
        "mean": [
          -0.2081426978111267,
          0.9708949327468872,
          0.7278156280517578,
          -0.37487539649009705,
          0.15362107753753662,
          0.03940089792013168,
          0.7751148343086243,
          0.20159821212291718,
          0.8661289215087891,
          0.6657983660697937,
          -0.3315376341342926,
          -0.06819260865449905,
          0.022008782252669334,
          0.7856071591377258
        ],
        "std": [
          0.3390403091907501,
          0.8938960433006287,
          0.7258768081665039,
          0.6413248181343079,
          0.38471734523773193,
          0.4960193634033203,
          0.33472177386283875,
          0.3463633060455322,
          0.906400203704834,
          0.7428337931632996,
          0.6448867917060852,
          0.25366705656051636,
          0.4237220287322998,
          0.3478851318359375
        ],
        "q01": [
          -1.1061849969625472,
          -0.0020636219620704527,
          -0.0031645274758339004,
          -1.605737379193306,
          -0.4414924467802047,
          -1.173482807636261,
          0.0,
          -0.4854563148021698,
          -0.001843162035942092,
          -0.003021043437719334,
          -1.5657313981056213,
          -1.160123918914795,
          -1.1377202880382538,
          0.0
        ],
        "q99": [
          0.5394379813194274,
          2.439666924315691,
          2.4150372292399407,
          1.3227766133546828,
          1.3287241192579269,
          1.352822632789612,
          0.9997999404072763,
          1.1076385469436647,
          2.480172224479914,
          2.446315231728554,
          1.353472988510132,
          0.4957868535757064,
          1.1564592969417573,
          0.9997999404072763
        ]
      },
      "actions": {
        "mean": [
          0.0024062341544777155,
          -0.02776135317981243,
          -0.018264740705490112,
          0.015736542642116547,
          -0.0014519643737003207,
          -0.00351160392165184,
          0.7756227254867554,
          0.0008919271640479565,
          -0.005015154834836721,
          -0.0023139386903494596,
          0.00029584902222268283,
          0.0017584675224497914,
          -0.0023578237742185593,
          0.7834852933883667
        ],
        "std": [
          0.27901896834373474,
          0.612051784992218,
          0.5121670365333557,
          0.46670013666152954,
          0.1932080090045929,
          0.3173178732395172,
          0.33539146184921265,
          0.272674560546875,
          0.5704848170280457,
          0.48592299222946167,
          0.4933318793773651,
          0.18665732443332672,
          0.3278033435344696,
          0.3481876850128174
        ],
        "q01": [
          -0.8909572114944457,
          -2.106069003105164,
          -1.82803804063797,
          -1.2933130925178526,
          -0.7291929520606995,
          -1.0788816381454471,
          0.0,
          -1.002861072731018,
          -1.9093475291728974,
          -1.6084662494659425,
          -1.5488692085266114,
          -0.7851716670036317,
          -1.1122013951301577,
          0.0
        ],
        "q99": [
          0.9312222194671627,
          1.82480388841629,
          1.4119120261669158,
          1.6820554796695717,
          0.7544265457868575,
          1.0763537698745722,
          0.9997999404072763,
          0.8754586145401002,
          1.7910304338932042,
          1.4276376046180719,
          1.568245848083496,
          0.7063693990707396,
          1.0744647877693172,
          0.9997999404072763
        ]
      }
    }
  }