{
    "egodex": {
        "min": [
            -0.9855530858039856,
            -0.4195575714111328,
            -1.2424219846725464,
            -0.9999932050704956,
            -0.999999463558197,
            -1.0000005960464478,
            -0.999954879283905,
            -1.0000005960464478,
            -0.9999952912330627,
            -1.0423530340194702,
            -0.5060349702835083,
            -1.336570382118225,
            -1.0608972311019897,
            -0.5305395126342773,
            -1.3464360237121582,
            -1.0874896049499512,
            -0.48726969957351685,
            -1.3655314445495605,
            -1.0913636684417725,
            -0.484470397233963,
            -1.361869215965271,
            -1.0890672206878662,
            -0.48811691999435425,
            -1.3378182649612427,
            -0.8623595833778381,
            -0.04509586840867996,
            -1.3250027894973755,
            -0.9999982118606567,
            -1.000000238418579,
            -0.9999489784240723,
            -0.9998589754104614,
            -0.9999998807907104,
            -0.9999999403953552,
            -0.9763968586921692,
            -0.0547790564596653,
            -1.441275954246521,
            -1.0012403726577759,
            -0.07598657160997391,
            -1.4862055778503418,
            -1.0072146654129028,
            -0.09432025998830795,
            -1.4955031871795654,
            -0.9617773294448853,
            -0.09686405211687088,
            -1.4918187856674194,
            -0.9456971883773804,
            -0.10510396212339401,
            -1.4638193845748901
        ],
        "max": [
            1.2225004434585571,
            1.9550856351852417,
            1.3030399084091187,
            1.0000005960464478,
            1.0000001192092896,
            0.9996993541717529,
            1.0000008344650269,
            0.9999854564666748,
            1.0000003576278687,
            1.3291102647781372,
            2.058321237564087,
            1.296749472618103,
            1.284643530845642,
            2.083045721054077,
            1.3884162902832031,
            1.2800191640853882,
            2.0615997314453125,
            1.4127533435821533,
            1.2744579315185547,
            2.0526442527770996,
            1.4201462268829346,
            1.2578706741333008,
            2.0492231845855713,
            1.4222053289413452,
            1.4587363004684448,
            2.0018906593322754,
            1.316088080406189,
            1.0000003576278687,
            0.9990971088409424,
            1.0000008344650269,
            1.0000005960464478,
            1.0000004768371582,
            0.9999993443489075,
            1.3684930801391602,
            2.1338114738464355,
            1.4029277563095093,
            1.3287960290908813,
            2.1794204711914062,
            1.4310003519058228,
            1.3366467952728271,
            2.1838245391845703,
            1.436768889427185,
            1.3535195589065552,
            2.17236590385437,
            1.409196138381958,
            1.3768434524536133,
            2.141749620437622,
            1.394324779510498
        ]
    }
}